ProductID,CategoryID,Name,Description,Price,SKU,Stock,CreatedAt
5001,90e79b66-2f62-4e85-bd1d-f91564f93fb9,"Horizontal 24/7 success","Style a black white owner. Old man receive. Reality foreign reality camera team edge.",28480304.17,sku_5001,563,2025-01-29 19:48:37
5002,98fad857-deb0-4d12-a214-84caad2ad7ac,"Polarized 4thgeneration monitoring","Door wish model site save position on. Me much maintain occur professor. Your senior think. Affect each respond black current run. Yet democratic safe home region loss reduce.",19457247.3,sku_5002,788,2025-02-14 05:25:43
5003,cfeee20f-0958-4df6-b19d-e0d7d70dd80e,"Devolved eco-centric access","Outside Mr four star support away down. Sea smile at despite executive establish establish. Section everyone among full matter election TV.",32931278.96,sku_5003,78,2025-01-21 09:09:33
5004,35a4cd94-046e-4656-b3df-c51da81df0bd,"Phased system-worthy functionalities","Result such indeed enter fine. Oil understand school people north. Community will two production character. At responsibility TV administration in turn within program.",40728236.34,sku_5004,433,2025-03-01 10:29:48
5005,1e892f21-3868-4d0b-b64d-0e6dd683f711,"Innovative tertiary task-force","Agent will certainly long. West measure decision ability structure. Great model detail wide ahead. State investment thought form.",36648450.62,sku_5005,891,2025-03-22 06:19:23
5006,02505c79-2d2c-47a6-b92a-83ee620a2129,"Polarized tangible archive","Find movement lead stand society contain view. Rock stay affect message company. Medical president tree way. Daughter husband easy when listen. Once message region plan both.",60984703.83,sku_5006,589,2025-02-21 10:49:06
5007,fdde389f-79f4-45aa-a4c5-95bfa1909064,"Future-proofed directional knowledgebase","Make start dog kind beyond this difference. Accept son real. Follow your many moment grow. Company necessary popular over company south. Type card language yourself.",67222150.72,sku_5007,659,2025-04-12 22:22:49
5008,fab979e1-d101-437b-9c90-70b47007d766,"Centralized client-driven array","Why crime want miss. Experience where mention a parent care. Let who day who very child the. Check box why page long professor result wear. Radio author want table six. Fine key suggest.",13682521.61,sku_5008,932,2025-01-17 16:21:18
5009,33f146be-6d89-412f-a767-fc7762021218,"Cloned directional concept","Away light heavy drop oil among only. Very his challenge wait. Hotel size course. About author other source seven prevent really.",94965613.85,sku_5009,757,2025-02-06 00:52:22
5010,e7e283b7-254d-4b07-baf1-4b0e2b61f71b,"Enterprise-wide bottom-line structure","West along production area trial heavy. Citizen role however agreement reveal. Strong dinner what example attention fall. Capital attention cold. Theory explain itself building even dream citizen.",26990198.67,sku_5010,639,2025-04-01 03:07:49
5011,52cd1ea2-dbcf-4869-9b4a-04d970da54ad,Quality-focused 24/7 algorithm,"Management company ground ball person others share. Option Mrs whole add interesting human.",50789304.29,sku_5011,416,2025-05-20 01:28:00.000
5012,bb6eab78-7ac5-4120-b8eb-b30ea833564f,Balanced asynchronous complexity,"Entire police commercial decision middle campaign hour reduce. Gas ago everyone available two. Fill rich bar mean many open budget. Beyond student source case. Seat western fly at.",24149357.61,sku_5012,817,2025-01-19 14:54:19.000
5013,881e4eb2-3017-42a6-8fd3-4de82bd666b6,Reduced solution-oriented attitude,"Maybe push despite several. Raise wife scene exist open common. Apply up result score draw. Option above she simply. Director his green pattern scientist beautiful.",40459698.46,sku_5013,964,2025-01-13 16:25:14.000
5014,fbdea950-210c-4d52-9f12-4bb8e24aa0da,Organic intermediate approach,"Example mother agreement over everything lot dark. Which situation job bag entire. Hold career detail she along staff character address.",77043728.47,sku_5014,412,2025-05-05 18:58:04.000
5015,1f41d5f5-95cf-48ee-9625-a40a0c5c8627,Self-enabling bifurcated projection,"Budget age agree score move. Partner rather fish final year. Upon good capital politics religious area. Check theory respond these nature. Pick develop question close.",98638494.45,sku_5015,159,2025-04-08 09:06:43.000
5016,4de3b487-e99e-424d-a6a2-0b049edff111,Polarized next generation application,"Set adult business do finish. Religious medical themselves say on court phone. Military with care glass smile story half.",97161026.37,sku_5016,281,2025-04-15 22:22:08.000
5017,d267fdc0-119c-41f2-bd20-1bff3500014b,Realigned systematic emulation,"Knowledge support final likely. Body college light realize hundred sign why. Major her sell dream series arrive scene benefit. Dinner line firm. Ball tax change. Simply mention practice be day.",86571297.7,sku_5017,707,2025-01-30 15:23:30.000
5018,5554486b-1613-4f06-9a24-f89e85d7e1a4,Streamlined regional encryption,"Oil another avoid into general. Remember Congress hold pull management follow. Rather challenge appear television skin.",42804325.81,sku_5018,688,2025-04-25 09:02:38.000
5019,4088a136-ad76-4e57-9d9b-904970185987,Synergistic zero-defect instruction set,"War family majority back trip amount law wait. State left policy remember. From onto college might by. Girl half try owner clear.",35806674.23,sku_5019,450,2025-04-18 04:32:01.000
5020,f25a3cc9-2b4f-4401-9e4e-ae84ca57f391,Re-contextualized homogeneous access,"Guess we product real become service article. Million someone term believe away. Customer interest strong stock.",83523209.11,sku_5020,870,2025-04-11 11:12:21.000

